<addon id="repository.TevKodi" name="TevKodi Repository" version="1.0.0" provider-name="MrTevani">
    <extension point="xbmc.addon.repository" name="TevKodi Repository">
        <info compressed="false">https://mrtevani.github.io/TevKodi/addons.xml</info>
        <checksum>https://mrtevani.github.io/TevKodi/addons.xml.md5</checksum>
        <datadir>https://mrtevani.github.io/TevKodi/zips/</datadir>
    </extension>
    <extension point="xbmc.addon.metadata">
        <summary>TevKodi Repository</summary>
        <description>A custom Kodi repository for add-ons and plugins maintained by MrTevani.</description>
        <platform>all</platform>
    </extension>
</addon>