<addon id="repository.<your-repo-name>" name="My Kodi Repo" version="1.0.0" provider-name="Your Name">
    <extension point="xbmc.addon.repository" name="My Kodi Repo">
        <info compressed="false">https://<username>.github.io/<repository-name>/addons.xml</info>
        <checksum>https://<username>.github.io/<repository-name>/addons.xml.md5</checksum>
        <datadir>https://<username>.github.io/<repository-name>/</datadir>
    </extension>
    <extension point="xbmc.addon.metadata">
        <summary>Add-ons from My Kodi Repo</summary>
        <description>This repository contains my custom Kodi add-ons.</description>
        <platform>all</platform>
    </extension>
</addon>